width,depth,nx,ny,max_height,min_height,heightfield,topology,support_layout,A,gravity_load,ok,reason,max_displacement,max_vertical_disp,max_tension,max_compression,total_length,volume,n_length_bins,max_member_length,min_member_length,n_nodes,n_bars,n_supports,score,is_pareto
12.191648388447707,7.633270638512314,5,6,3.7434200726484095,1.2231134891366282,ridge,triangulated,edges,0.0012372536721893884,-48557.42778892185,False,unstable: Unstable or ill-conditioned system (cond=3.07e+17). Check supports/bracing. Need cond < 1e+12.,,,,,,,,,,,,,inf,False
7.024909061404367,7.702315627373403,5,4,4.316912472121505,2.8576933104355433,paraboloid,triangulated,edges,0.0008877556187100644,-70910.45112860893,True,,0.0007990255139713288,0.0007972311996572478,805.95267145248,8270.69784598577,132.10344081759345,0.11727557183675102,12.0,2.590432991547693,1.404981812280874,30.0,69.0,18.0,0.48937328187429363,False
10.43667829612668,5.382903536625052,7,6,3.579160997805162,2.6838985249196705,ridge,diagrid,edges,0.0014677678268343935,-44275.15514711209,False,unstable: Unstable or ill-conditioned system (cond=8.06e+17). Check supports/bracing. Need cond < 1e+12.,,,,,,,,,,,,,inf,False
12.227067976590096,6.167832247111805,4,4,2.109509414468072,1.1386381303954423,ridge,triangulated,edges,0.001219238371498599,-41299.6107026316,False,unstable: Unstable or ill-conditioned system (cond=1.49e+17). Check supports/bracing. Need cond < 1e+12.,,,,,,,,,,,,,inf,False
8.606602865105216,7.222758236209213,3,4,2.473678397710714,1.1593241136963006,ridge,diagrid,edges,0.0006496002839559726,-53207.440212699585,False,unstable: Unstable or ill-conditioned system (cond=3.66e+17). Check supports/bracing. Need cond < 1e+12.,,,,,,,,,,,,,inf,False
9.497215350978646,9.996069176347024,6,5,2.7809166034551027,2.250740788684144,paraboloid,triangulated,edges,0.0008262262169331919,-68466.87584279024,True,,0.011994977870812894,0.011986102450325442,2882.900655370303,23112.841365399498,203.8393445304893,0.16841741049356768,4.0,2.569586322641773,1.5831432451199652,42.0,101.0,22.0,0.5185773243962123,False
11.459964031799803,5.838514901655859,7,3,2.018405674377514,1.6425749884685397,saddle,diagrid,edges,0.0011756819164889687,-48770.83875912128,True,,0.00521750555029742,0.005206907646850952,0.0,15014.768659059222,141.6399272988814,0.16652350117810713,4.0,2.556349805373452,1.6371377188285425,32.0,62.0,20.0,0.39668323559866536,False
9.67132620430672,8.412447175717363,3,3,2.2863251838399337,1.706964910254809,ridge,diagrid,edges,0.0010217597171293077,-49400.04570335898,True,,0.0065069006498255704,0.006496036506744395,0.0,19579.570222823444,113.39114180129717,0.11585850097186262,5.0,4.2901236882037095,2.8041490585724542,16.0,30.0,12.0,0.33490651191787557,False
11.077746560004726,8.321476403947976,3,5,2.7598752451565307,1.0457302062921072,paraboloid,diagrid,edges,0.0006360431401014822,-63658.854251014556,True,,0.001209144712480167,0.0011811150177985534,0.0,5788.24649750243,163.0179734194655,0.10368646370669674,10.0,4.257006928691097,1.6642952807895952,24.0,46.0,16.0,0.39290984595625855,False
12.827224586145329,6.4036369151920445,7,3,2.703459730054991,1.4207532532392904,paraboloid,diagrid,edges,0.0010127353675754062,-48644.07163574346,True,,0.0003462998961502792,0.0003415296721973074,0.0,3466.178510925775,158.99782313570176,0.1610227188570244,13.0,2.948906434079579,1.8324606551636187,32.0,62.0,20.0,0.6207117079822363,False
11.314508322619101,7.438321168640423,5,6,2.41743229976926,1.0267023361358039,flat,grid,edges,0.0011945952856560955,-61524.91078994451,False,unstable: Unstable or ill-conditioned system (cond=inf). Check supports/bracing. Need cond < 1e+12.,,,,,,,,,,,,,inf,False
7.290174232268814,8.006268650620182,7,3,3.74080093769434,2.0559273570489633,flat,diagrid,edges,0.0007316632980626642,-54788.69627524447,False,unstable: Unstable or ill-conditioned system (cond=inf). Check supports/bracing. Need cond < 1e+12.,,,,,,,,,,,,,inf,False
8.894500884427124,5.525899515896606,4,3,4.404744161373786,3.693278252570558,paraboloid,triangulated,edges,0.0006924569576054716,-41232.94490609104,True,,0.0016266310927640535,0.0016199708475083357,818.3545197860052,10333.874840007613,98.48727113596074,0.06819819613367252,7.0,2.945716660432693,1.8419665052988687,20.0,43.0,14.0,0.2090656007951467,False
12.230007231726358,9.301341134953974,6,4,2.6806039046128975,1.1361564284127585,paraboloid,triangulated,edges,0.0009013539188169723,-71905.4654081908,True,,0.0016625778369420228,0.0016625778369420228,416.4980104893442,10051.48930075869,203.3707564004283,0.18330902825429765,10.0,3.25244842919484,2.0401396481488523,35.0,82.0,20.0,0.5890822170606664,False
8.447652993205221,8.475317413651375,5,3,4.141535710230938,3.0687726179128836,paraboloid,triangulated,edges,0.0008753023437526142,-54907.64637190227,True,,0.0016498345307904112,0.0016427672331168512,1111.334204326936,9104.78980009567,135.31890800483558,0.11844495733067696,9.0,3.392380819497311,1.6895305986410438,24.0,53.0,16.0,0.3997358082005634,False
10.672783751301886,8.89907960932892,6,3,3.039518505426524,1.0722241725252406,flat,diagrid,edges,0.000762847333566064,-74219.03244535813,False,unstable: Unstable or ill-conditioned system (cond=inf). Check supports/bracing. Need cond < 1e+12.,,,,,,,,,,,,,inf,False
6.827223741780413,8.525867433066272,6,3,4.312800295941993,2.674339450033835,paraboloid,diagrid,edges,0.0010500070406295585,-79087.8451588121,True,,0.0004789211349673253,0.000458317459652764,0.0,5092.148542832345,144.3605401810836,0.1515795835792239,12.0,3.282032751504357,1.1415056795478302,28.0,54.0,18.0,0.5649608340987966,False
13.668473705931563,7.893820621657401,5,6,2.2068249998060963,1.479914462933642,ridge,diagrid,edges,0.0014316091004724812,-57130.877904956986,False,unstable: Unstable or ill-conditioned system (cond=1.72e+18). Check supports/bracing. Need cond < 1e+12.,,,,,,,,,,,,,inf,False
9.78791520845563,6.601853978551361,7,4,3.3016810061788444,1.8653196083900068,paraboloid,grid,edges,0.0013089211166137937,-44153.56912640933,True,,8.625152125098358e-05,8.386998898031929e-05,0.0,2075.9752175376166,227.82953321710153,0.2982108870161277,12.0,2.339232035827375,1.398273601207947,40.0,123.0,22.0,0.904958845567692,False
7.121992711988886,8.324216861234296,4,3,3.680600232599529,1.6503644333524214,flat,diagrid,edges,0.001199694075715571,-49254.10032329372,False,unstable: Unstable or ill-conditioned system (cond=inf). Check supports/bracing. Need cond < 1e+12.,,,,,,,,,,,,,inf,False
6.8619275676471725,10.496071070825646,7,3,2.0935313904404493,1.4905884861695389,ridge,diagrid,edges,0.0013127687174456545,-47669.94111742792,True,,0.0015370794102151416,0.0015347660930261622,0.0,7126.298750235815,188.0325555712637,0.24684325681531646,5.0,3.655591252679143,0.9802753668067385,32.0,62.0,20.0,0.5586027367858342,False
8.537111142581722,10.71739637041847,6,4,3.2876428230792865,1.5014045230994741,saddle,triangulated,edges,0.0005810685993402199,-78203.57522430684,True,,0.002583793290576121,0.002583793290576121,9374.730016248663,6480.609056534314,194.22740983746212,0.1128594489877329,10.0,3.184268163572983,1.4263082009109957,35.0,82.0,20.0,0.4384198470205026,False
9.480776480024304,10.954253384335022,3,6,3.871520048642373,3.2130563979761337,flat,triangulated,edges,0.000970744196425094,-67362.83792676828,False,unstable: Unstable or ill-conditioned system (cond=inf). Check supports/bracing. Need cond < 1e+12.,,,,,,,,,,,,,inf,False
12.176099456887904,8.969967579006568,5,4,2.2361666701537883,1.756161823315188,paraboloid,grid,edges,0.0014304944655871572,-70361.17699977261,True,,0.0031075455942886354,0.0031024371273006075,0.0,16271.077643670458,247.45464400289185,0.35398249872997706,4.0,3.3272146045750706,2.243294445838476,30.0,89.0,18.0,0.803492867531329,False
6.982063459291888,9.986676032749436,7,3,2.4481707703943476,1.7212694959099848,ridge,triangulated,edges,0.0006160781322860306,-67587.0530839962,True,,0.00522414380704111,0.005210788381144397,3.8278020138911125e-11,14661.646316979622,181.83118194342035,0.11202221496306401,5.0,3.5087379274631556,0.9974376370416977,32.0,73.0,20.0,0.3036104058859288,False
12.21923870592942,10.830958556365804,5,5,2.359743756378127,1.0156611734076646,flat,grid,edges,0.0005450044395651732,-52893.6530554857,False,unstable: Unstable or ill-conditioned system (cond=inf). Check supports/bracing. Need cond < 1e+12.,,,,,,,,,,,,,inf,False
6.974660037028249,8.037979589723797,7,5,3.452791523052256,1.421029657247621,saddle,triangulated,edges,0.0011869478425773818,-50440.63984337833,True,,0.00026145637316475894,0.0002595864049572841,3647.241924442411,2768.6041212291657,179.9488047567905,0.2135898455804506,14.0,2.212338258251971,0.9963800052897502,48.0,117.0,24.0,0.7792837393395853,False
7.048462012458506,5.742522821902067,5,6,2.9939454845623517,1.5099728873773026,flat,diagrid,edges,0.0011291506340399408,-41775.0697181212,False,unstable: Unstable or ill-conditioned system (cond=inf). Check supports/bracing. Need cond < 1e+12.,,,,,,,,,,,,,inf,False
8.291569815056441,10.548850575872162,5,3,3.387995105817062,2.2991390063457224,saddle,grid,edges,0.000554373556770304,-63235.42722734784,True,,0.0022216259664604825,0.0021987196036780555,12557.663780741852,7924.399116358367,214.68134687160057,0.11901366183744853,9.0,3.9758137331189567,1.6583139630112882,24.0,68.0,16.0,0.4109867325638291,False
13.729855297145454,8.576255319406236,3,6,4.010902289032427,2.219778140421493,ridge,triangulated,edges,0.00041962046237468655,-75634.2401293706,False,unstable: Unstable or ill-conditioned system (cond=3.84e+17). Check supports/bracing. Need cond < 1e+12.,,,,,,,,,,,,,inf,False
12.63542891906189,9.780902529950971,5,3,3.3269239764976337,2.208535886921371,saddle,triangulated,edges,0.0010634178730725983,-63497.13722905279,True,,0.002521043842979108,0.0025126583565080567,8902.599673141429,13468.990487397323,172.21973656625306,0.18314154596040805,9.0,4.212678015388514,2.5270857838123773,24.0,53.0,16.0,0.567844112935534,False
8.993472347257462,7.5552925182410595,3,5,4.168726579380812,2.2490579148722945,ridge,grid,edges,0.0006603285992973394,-50159.42879026214,False,unstable: Unstable or ill-conditioned system (cond=6.14e+16). Check supports/bracing. Need cond < 1e+12.,,,,,,,,,,,,,inf,False
12.532550107391284,5.63166847912475,7,3,3.4860841593911296,1.312441763803581,flat,triangulated,edges,0.0007413681413164819,-74245.12268115429,False,unstable: Unstable or ill-conditioned system (cond=inf). Check supports/bracing. Need cond < 1e+12.,,,,,,,,,,,,,inf,False
13.367763779899601,5.9931903364116685,3,4,2.3840334879801466,1.132308897711094,ridge,grid,edges,0.00046093495008068614,-73014.34116256589,False,unstable: Unstable or ill-conditioned system (cond=6.56e+16). Check supports/bracing. Need cond < 1e+12.,,,,,,,,,,,,,inf,False
6.427055461017403,8.546862896665827,5,5,2.9840761420800703,1.5360275842755837,saddle,diagrid,edges,0.0013625054364580695,-45954.73492711176,False,unstable: Unstable or ill-conditioned system (cond=1.21e+18). Check supports/bracing. Need cond < 1e+12.,,,,,,,,,,,,,inf,False
6.3478004961023355,6.088990457579144,7,3,2.6234689395805297,1.7775173554664747,saddle,diagrid,edges,0.0004541795319203534,-65055.43446161714,True,,0.0025110967817658105,0.0024557708204146125,0.0,7933.4410254015775,119.58376575558998,0.05431249875614699,11.0,2.2982463581587016,0.9068286423003338,32.0,62.0,20.0,0.33440411678251597,False
10.190023589741099,5.610031417422296,3,6,2.1299046661627608,1.8480006420377713,ridge,grid,edges,0.001327932446757528,-43893.87424289532,False,unstable: Unstable or ill-conditioned system (cond=8.34e+18). Check supports/bracing. Need cond < 1e+12.,,,,,,,,,,,,,inf,False
13.836565444692742,9.812155281641562,5,6,3.606208189988869,2.749304375887881,ridge,grid,edges,0.0009896748395424012,-59431.08519238342,False,unstable: Unstable or ill-conditioned system (cond=5.75e+17). Check supports/bracing. Need cond < 1e+12.,,,,,,,,,,,,,inf,False
12.860577152980461,7.776796193561095,6,4,3.598908178092775,1.596615993763128,flat,grid,edges,0.0009256650014261205,-63324.4252562046,False,unstable: Unstable or ill-conditioned system (cond=inf). Check supports/bracing. Need cond < 1e+12.,,,,,,,,,,,,,inf,False
7.86055952423099,7.205070860690768,5,4,2.818738911031364,1.5831850704515733,flat,triangulated,edges,0.0007265641220284139,-42045.682931386385,False,unstable: Unstable or ill-conditioned system (cond=inf). Check supports/bracing. Need cond < 1e+12.,,,,,,,,,,,,,inf,False
13.330784156305423,7.885462569800471,6,4,3.3385869745750076,2.701133206689138,paraboloid,diagrid,edges,0.0012848310107417852,-58691.108957370394,False,unstable: Unstable or ill-conditioned system (cond=2.25e+17). Check supports/bracing. Need cond < 1e+12.,,,,,,,,,,,,,inf,False
11.063341034140965,6.72893368509477,3,5,2.506011482814296,1.8722567513328405,ridge,triangulated,edges,0.0005453131210316983,-55424.81037832321,False,unstable: Unstable or ill-conditioned system (cond=1.79e+18). Check supports/bracing. Need cond < 1e+12.,,,,,,,,,,,,,inf,False
6.760765985839477,9.354293769628562,5,3,4.339849556751565,1.399288839804033,saddle,triangulated,edges,0.0012809725936936064,-56252.71982134583,True,,0.00015749448214096454,0.00015238031078817493,4701.404825879231,2589.844254786168,143.57369009312004,0.18391396218474595,13.0,4.074786647590428,1.3521531971678957,24.0,53.0,16.0,0.671581344570206,False
12.260992837036376,9.770689033898515,7,6,2.6334583845979678,1.808470387404134,flat,grid,edges,0.0010777822700265335,-73148.34783628845,False,unstable: Unstable or ill-conditioned system (cond=inf). Check supports/bracing. Need cond < 1e+12.,,,,,,,,,,,,,inf,False
10.519604891779535,8.434583084203098,5,4,3.3065794387828067,2.509452646774351,saddle,triangulated,edges,0.0009413685371329722,-56016.26233909551,True,,0.002845193770454197,0.002843765803865787,10212.769533948189,14514.494957168921,163.528582771874,0.15394066274338714,7.0,3.029816814330556,2.103920978355907,30.0,69.0,18.0,0.4329675901989169,False
13.449889885520815,5.718401531006737,6,3,2.219272529776921,1.6561168401147954,ridge,diagrid,edges,0.0012517535577560275,-53150.7434676563,True,,0.0013274787246401246,0.001321240627616215,0.0,7499.077243796367,144.98574403929663,0.18148642092509426,5.0,2.9663591203166946,1.9061338436689124,28.0,54.0,18.0,0.4003947545151434,False
8.669102066625905,10.390199284169213,7,6,2.6763373522754392,1.513038612735464,ridge,grid,edges,0.0005733728134874996,-74088.66509831234,False,unstable: Unstable or ill-conditioned system (cond=1.26e+18). Check supports/bracing. Need cond < 1e+12.,,,,,,,,,,,,,inf,False
13.489019707005951,7.62742422319252,6,4,3.824214271693445,2.3502945098059804,saddle,triangulated,edges,0.0012583316433003315,-60825.217435018385,True,,0.0008173378213304092,0.0008173378213304092,3133.720419000894,8216.91149330657,194.2047674570794,0.24437400417102553,9.0,3.0541394729613116,1.9157359902049496,35.0,82.0,20.0,0.6831508011062959,False
9.01087578784661,10.919789269545932,3,5,4.377986650009603,1.3483492892144637,paraboloid,triangulated,edges,0.0011007812723903283,-75123.1328665955,True,,0.0003767647180485109,0.0003575397593265648,656.3063997342382,5723.146241371567,162.17551624485586,0.17851977112257086,13.0,4.376670395906814,2.1839578539091864,24.0,53.0,16.0,0.6626221287196041,False
10.706063999753766,9.116578190632692,5,3,3.1357949046043663,2.5040557121288014,paraboloid,grid,edges,0.0009044028899784062,-62307.43491728428,True,,0.002292271623420561,0.002287354385505977,0.0,9241.929188504922,209.5915872679122,0.1895552372402613,6.0,3.748690385469691,2.141212799950754,24.0,68.0,16.0,0.47190709774132605,False
8.415419131539933,10.510651373093324,6,6,2.276471027490276,2.045713802936251,flat,triangulated,edges,0.0007122992816504429,-46524.13681356247,False,unstable: Unstable or ill-conditioned system (cond=inf). Check supports/bracing. Need cond < 1e+12.,,,,,,,,,,,,,inf,False
6.851356254971063,10.994628382845432,3,5,3.6253125388969925,1.2046475844221496,ridge,triangulated,edges,0.00043189945352491637,-70366.87767835413,False,unstable: Unstable or ill-conditioned system (cond=9.99e+17). Check supports/bracing. Need cond < 1e+12.,,,,,,,,,,,,,inf,False
7.14417500133308,9.66060764415331,7,3,4.276595567827213,2.8696684990736605,saddle,grid,edges,0.0004059728175415705,-77933.68331942405,True,,0.0012187403958612366,0.0011806814817416967,8617.25642621352,4712.211777653604,251.33465523112613,0.10203503813001945,13.0,3.5145325787962296,1.0205964287618685,32.0,94.0,20.0,0.49631312055423427,False
10.847401421181821,9.808890865156492,7,3,4.123522107307682,1.155165513266211,ridge,triangulated,edges,0.0014205749731895085,-49115.66403582478,True,,0.00012246208352716768,0.00011926620202288448,9.624068200912436e-12,2964.278311314092,213.76098830502258,0.3036635102303704,5.0,4.124062823231829,1.5496287744545452,32.0,73.0,20.0,0.6684822789997698,False
11.584966271829098,10.027881311932298,5,3,2.5044552767976382,1.1566555117449513,ridge,diagrid,edges,0.001219706941161729,-54799.526216944054,True,,0.0007187650547103575,0.0007136774646102861,0.0,5681.566624573591,167.6759262271662,0.20451549108499645,5.0,4.165210146757914,2.316993254365819,24.0,46.0,16.0,0.4443157639228308,False
12.80904879809548,5.9312779546465455,7,5,2.4826037271722603,1.33420926534967,flat,triangulated,edges,0.00147822526338855,-55538.25576091722,False,unstable: Unstable or ill-conditioned system (cond=inf). Check supports/bracing. Need cond < 1e+12.,,,,,,,,,,,,,inf,False
6.436002519930365,8.697853819565196,3,3,4.2103642784170425,2.979246472794649,paraboloid,grid,edges,0.0005008931064066179,-72658.67084478724,True,,0.000792221722671282,0.0007883852013608072,0.0,6385.7524474676175,127.39454050508076,0.06381104713283363,7.0,3.769066382108842,2.1453341733101214,16.0,42.0,12.0,0.18423393027387672,True
13.84021743643354,7.751363854750939,5,6,3.5910208552694423,2.27757965344011,paraboloid,grid,edges,0.0014406268989139047,-67946.29469941129,True,,0.00038936209388855066,0.00038082581434677935,0.0,7553.613601521581,329.5420601029534,0.474747156107817,11.0,3.1539671804270073,1.2939530567902775,42.0,131.0,22.0,1.2920253078806283,False
10.624137726460336,9.198655667534396,4,5,4.351486024238796,1.4328981811602723,paraboloid,diagrid,edges,0.0008444378298148427,-61033.25082069528,False,unstable: Unstable or ill-conditioned system (cond=1.31e+17). Check supports/bracing. Need cond < 1e+12.,,,,,,,,,,,,,inf,False
6.953740209581957,5.804567659236592,7,4,2.761761509402078,1.6356867490837947,saddle,diagrid,edges,0.0010980920291600894,-63527.56413657719,False,unstable: Unstable or ill-conditioned system (cond=1.54e+17). Check supports/bracing. Need cond < 1e+12.,,,,,,,,,,,,,inf,False
9.270264875429577,6.305771160181772,7,5,2.792602278293095,1.05457086354469,paraboloid,diagrid,edges,0.0009215459425991875,-70976.28527183156,False,unstable: Unstable or ill-conditioned system (cond=6.33e+18). Check supports/bracing. Need cond < 1e+12.,,,,,,,,,,,,,inf,False
10.579663464976925,8.394631402591525,5,5,3.619871205503025,2.4731182148158974,ridge,grid,edges,0.0012661754441845494,-58034.224656012826,False,unstable: Unstable or ill-conditioned system (cond=3.14e+18). Check supports/bracing. Need cond < 1e+12.,,,,,,,,,,,,,inf,False
9.45134556143912,8.756074885646342,5,4,3.2818481115168954,2.4392748667579953,ridge,triangulated,edges,0.0014131629170247109,-59854.68299267603,False,unstable: Unstable or ill-conditioned system (cond=6.37e+17). Check supports/bracing. Need cond < 1e+12.,,,,,,,,,,,,,inf,False
10.162200917924553,9.799222464583018,4,4,4.093455905862672,2.326330690625083,flat,grid,edges,0.0004792650617802381,-46320.271558421475,False,unstable: Unstable or ill-conditioned system (cond=inf). Check supports/bracing. Need cond < 1e+12.,,,,,,,,,,,,,inf,False
6.444543335255023,6.683668616801936,5,4,2.4324861129789843,1.3732937668975749,flat,triangulated,edges,0.00041615112791607787,-46913.06301917254,False,unstable: Unstable or ill-conditioned system (cond=inf). Check supports/bracing. Need cond < 1e+12.,,,,,,,,,,,,,inf,False
12.852384188596465,7.233569439149289,6,3,3.5021010198627023,1.257522286084726,ridge,diagrid,edges,0.0014542720989910696,-40181.421096654514,True,,8.521172386763372e-05,8.236352906385511e-05,0.0,1704.8730396735582,165.9128891356225,0.24128248553293438,5.0,3.555481002501303,2.142064031432744,28.0,54.0,18.0,0.5202982929720653,False
12.176839130836685,6.865769059524597,6,5,3.763515913710032,1.9258418574101541,saddle,diagrid,edges,0.00041180040947324387,-71637.69365591035,False,unstable: Unstable or ill-conditioned system (cond=8.97e+18). Check supports/bracing. Need cond < 1e+12.,,,,,,,,,,,,,inf,False
10.20070642373809,5.982507825549775,6,3,4.090760726375595,3.6525427938024477,saddle,diagrid,edges,0.0013229767039698848,-40387.1334269491,True,,0.0044325251160471325,0.004420091331289548,0.0,13005.563622817866,126.98806768613571,0.16800225523090828,4.0,2.639560152814458,1.7002920399536636,28.0,54.0,18.0,0.38658145387980203,True
7.132767108550198,7.689473679526106,7,4,2.2001232091154623,1.7403073265450746,flat,diagrid,edges,0.0009162596276094414,-73973.08104747039,False,unstable: Unstable or ill-conditioned system (cond=inf). Check supports/bracing. Need cond < 1e+12.,,,,,,,,,,,,,inf,False
7.447413217846945,10.44262173293729,7,3,2.5821307123592656,1.3866624996580725,flat,diagrid,edges,0.0010450896903162756,-60268.40096597334,False,unstable: Unstable or ill-conditioned system (cond=inf). Check supports/bracing. Need cond < 1e+12.,,,,,,,,,,,,,inf,False
6.672922676455056,6.462004724334282,7,6,3.5939717511961478,2.45057196351428,paraboloid,triangulated,edges,0.001239193320943482,-77675.66073114211,True,,0.0005445130654092861,0.0005367547620085608,994.0464016579704,7310.083687275309,161.89678597228703,0.20062141585907456,13.0,1.5575049631996822,0.9532746680650082,56.0,139.0,26.0,0.7178013032208086,False
8.932867079460898,8.237164611570073,7,4,4.111197183217966,2.3029831556149656,ridge,triangulated,edges,0.001337217068569286,-59808.34068386008,False,unstable: Unstable or ill-conditioned system (cond=8.02e+17). Check supports/bracing. Need cond < 1e+12.,,,,,,,,,,,,,inf,False
13.2764179509708,8.522743643221883,3,6,2.8514769889788107,1.7813116125369497,saddle,diagrid,edges,0.0005154776874856776,-64057.89973193838,True,,0.017231438733059393,0.016975689903746614,15050.964960099627,0.0,211.93601853155863,0.10924828872756959,9.0,4.71167455928857,1.4217009535243317,28.0,54.0,18.0,0.6479245054270479,False
13.338701380413408,8.784993442188455,4,3,2.8471390890240125,1.2993653668840865,paraboloid,grid,edges,0.0014202065043544293,-62071.70686972514,True,,0.0003527353943502969,0.0003504967424018177,0.0,5395.236747001281,206.3735375573803,0.2930930403656246,9.0,4.615604492856233,2.9283311473961517,20.0,55.0,14.0,0.7903283022819807,False
8.46028057936629,8.590863149346418,5,3,2.6950552665020346,2.0022091741341876,ridge,diagrid,edges,0.001479986542296789,-55185.69161367824,True,,0.0012000352009018528,0.0011967909843908656,0.0,8990.224564655067,134.673677398082,0.19931523015078062,5.0,3.35808406974064,1.6920561158732572,24.0,46.0,16.0,0.4403541735791241,False
9.820046989021861,9.568595379104046,6,6,3.801739866795879,3.3324794342922432,ridge,triangulated,edges,0.0013534815820881192,-75435.83715265451,False,unstable: Unstable or ill-conditioned system (cond=3.01e+19). Check supports/bracing. Need cond < 1e+12.,,,,,,,,,,,,,inf,False
11.859308023950302,7.6405321971642115,6,5,3.635256023705892,3.203158503690889,flat,triangulated,edges,0.0007170510700366959,-50649.86010248335,False,unstable: Unstable or ill-conditioned system (cond=inf). Check supports/bracing. Need cond < 1e+12.,,,,,,,,,,,,,inf,False
11.999868303482149,7.0789571678782925,3,3,2.102367400714299,1.6934916379088003,saddle,diagrid,edges,0.0014840941864444188,-61401.06175225388,False,unstable: Unstable or ill-conditioned system (cond=6.78e+18). Check supports/bracing. Need cond < 1e+12.,,,,,,,,,,,,,inf,False
13.823335832590722,7.4694560131643595,3,6,2.21204818077958,1.5503755487248956,ridge,triangulated,edges,0.0014171718339418776,-47096.67637530273,False,unstable: Unstable or ill-conditioned system (cond=2.84e+18). Check supports/bracing. Need cond < 1e+12.,,,,,,,,,,,,,inf,False
6.295765817609394,7.236214047840405,7,3,2.273205727786395,1.7062921321165017,saddle,triangulated,edges,0.001251092751026789,-45381.73807777349,True,,0.0015500649689685173,0.0015438482246952303,11435.940085972235,8214.115934889207,137.68252498631946,0.17225360895344888,6.0,2.6037900297866203,0.8993951168013421,32.0,73.0,20.0,0.4181284701619267,False
11.915451747812078,9.805229552639792,4,3,2.5863378761032463,1.8256962163349582,flat,triangulated,edges,0.00040495013743362503,-59414.82631534601,False,unstable: Unstable or ill-conditioned system (cond=inf). Check supports/bracing. Need cond < 1e+12.,,,,,,,,,,,,,inf,False
11.418299194915178,5.17764373477168,6,4,4.239087203459242,2.890709928474311,paraboloid,grid,edges,0.001338059242595104,-66078.74306361943,True,,0.00012006798023385855,0.00011699603603723959,0.0,4333.4187982930325,207.92659842278698,0.2782181068009707,11.0,2.464109202672087,1.3053381976317568,35.0,106.0,20.0,0.8225450676712681,False
12.826757369152475,6.793661906713433,6,5,2.992350169369585,1.4653104577014697,ridge,triangulated,edges,0.0006063530501334405,-76607.53635056947,False,unstable: Unstable or ill-conditioned system (cond=1.45e+18). Check supports/bracing. Need cond < 1e+12.,,,,,,,,,,,,,inf,False
8.735415508365282,9.305834885849405,5,6,4.496858425166912,1.9030663346622436,saddle,diagrid,edges,0.0005505034058325889,-57005.122815078656,False,unstable: Unstable or ill-conditioned system (cond=2.40e+17). Check supports/bracing. Need cond < 1e+12.,,,,,,,,,,,,,inf,False
13.980640298103339,9.205286060723951,6,5,2.980922732304485,2.5402926329612368,flat,diagrid,edges,0.0005478036046443677,-65384.86147203466,False,unstable: Unstable or ill-conditioned system (cond=inf). Check supports/bracing. Need cond < 1e+12.,,,,,,,,,,,,,inf,False
6.537333350782135,6.211874226132689,5,3,3.1331997912504086,2.1547870181664575,saddle,diagrid,edges,0.0008624199486558049,-41631.62908621696,True,,0.0017922450128363594,0.0017539919996293369,0.0,8417.715244103596,100.38675629088313,0.08657554120610618,9.0,2.560541634806342,1.307466670156427,24.0,46.0,16.0,0.3268279512248163,False
12.015704972599323,8.245139821669706,7,4,4.242491996932488,1.6625607563006302,ridge,grid,edges,0.0013999712958652434,-58818.31778859711,False,unstable: Unstable or ill-conditioned system (cond=1.67e+17). Check supports/bracing. Need cond < 1e+12.,,,,,,,,,,,,,inf,False
11.938543595343813,8.544468764982597,6,5,2.748458228787064,1.355688864452727,paraboloid,grid,edges,0.0005709857204917648,-45027.4253883677,True,,0.0004887531868925897,0.0004786438181523738,0.0,3172.624424436255,292.3528768832995,0.16692931804505085,13.0,2.751839192058536,1.7088937529965196,42.0,131.0,22.0,0.6371494271535154,False
8.265975466000913,8.368936366486308,4,6,3.959560273439284,2.1238488739362933,saddle,diagrid,edges,0.0014941719238285274,-53016.10092083904,False,unstable: Unstable or ill-conditioned system (cond=5.00e+17). Check supports/bracing. Need cond < 1e+12.,,,,,,,,,,,,,inf,False
12.517107544943062,10.415323815315391,4,6,2.462948362383919,1.6839670054976354,paraboloid,grid,edges,0.0011182143392203983,-41786.02287248756,True,,0.0012509889901948326,0.001244979088450039,0.0,6617.818103478699,312.32747391278707,0.3492490598617633,8.0,3.6144505192627094,1.7364266767029402,35.0,106.0,20.0,0.9029913672296039,False
10.10185651440089,7.597834957206603,3,3,4.399436305823051,1.3048356892133413,paraboloid,grid,edges,0.0006706732726554324,-77378.7826432647,True,,0.0001969931812767961,0.0001942222985141144,0.0,3420.2468405643185,156.61950396096665,0.10504051528317196,7.0,5.031837894299284,2.532611652402201,16.0,42.0,12.0,0.27143469712543067,True
9.640942739294099,8.096526807542674,6,4,2.127401206437215,1.1020765139977915,ridge,diagrid,edges,0.00046658129590918977,-52072.41097560346,False,unstable: Unstable or ill-conditioned system (cond=8.55e+17). Check supports/bracing. Need cond < 1e+12.,,,,,,,,,,,,,inf,False
7.656164332198496,6.812429412701831,5,4,3.0415240826728698,1.0028852664736665,paraboloid,grid,edges,0.001349041020114966,-79950.67749952368,True,,8.789085688027553e-05,8.396431842726977e-05,0.0,2825.004955104077,179.08473970524935,0.24159265993899287,13.0,2.6930881791316317,1.5312328664396988,30.0,89.0,18.0,0.8067925926097612,False
10.065338846503,7.937012039043249,3,4,3.078317550366124,2.3820078160929694,paraboloid,triangulated,edges,0.000686383397756775,-67100.3823612908,True,,0.008605151331775958,0.008595276343592858,1992.1943043655865,23817.93610567133,129.30073848115035,0.08874988021115218,7.0,3.939493951556658,1.9861610571563102,20.0,43.0,14.0,0.3785705868267108,False
7.939862824226662,7.879180403306391,7,5,2.5706321886585513,1.434444207964634,flat,triangulated,edges,0.0004534262188316539,-61569.21579041735,False,unstable: Unstable or ill-conditioned system (cond=inf). Check supports/bracing. Need cond < 1e+12.,,,,,,,,,,,,,inf,False
11.692464332774222,5.902724069344845,6,3,2.345513429096327,2.0207777319215685,flat,grid,edges,0.0006071541722924871,-78748.65948393421,False,unstable: Unstable or ill-conditioned system (cond=inf). Check supports/bracing. Need cond < 1e+12.,,,,,,,,,,,,,inf,False
6.885035740497626,8.720895719769779,5,3,3.423030126076692,2.2280355351657066,ridge,triangulated,edges,0.00040521553220306135,-45865.22162630533,True,,0.001853582737565424,0.0018382115915546273,2.8240098611697972e-11,7230.409305393887,130.37282961090605,0.05282909553560231,5.0,3.3137995751366,1.377007148099525,24.0,53.0,16.0,0.10521902363174424,True
10.952952691415792,5.976460916629746,7,6,4.138728854476464,1.6928313714135774,flat,triangulated,edges,0.0008999031733285237,-55863.02182666714,False,unstable: Unstable or ill-conditioned system (cond=inf). Check supports/bracing. Need cond < 1e+12.,,,,,,,,,,,,,inf,False
13.877196268941148,7.169216471835196,6,6,2.795997794571149,2.211925798779293,flat,diagrid,edges,0.0006379912647479416,-63438.95624843055,False,unstable: Unstable or ill-conditioned system (cond=inf). Check supports/bracing. Need cond < 1e+12.,,,,,,,,,,,,,inf,False
8.541085074908494,5.468650358482183,7,3,2.8661966385179523,1.0300659016248939,ridge,grid,edges,0.0011977016529359558,-51676.35057265648,True,,2.699040257595737e-05,2.655728490704405e-05,61.83339541564524,1322.4273597488027,184.92468148216176,0.2214845966798406,4.0,2.511985609619844,1.2201550107012133,32.0,94.0,20.0,0.43675096924922885,True
11.908643091659062,6.902919026779872,3,6,3.484576370071119,1.2692072294644956,saddle,grid,edges,0.0011624049696226718,-73082.24254231688,True,,0.00026318184670374106,0.00024778435496909207,2947.9004523750596,7776.449397749144,266.69201605483414,0.3100041248208288,12.0,4.431804638479442,1.1570509558036484,28.0,81.0,18.0,0.9359164648682528,False
10.058341612656346,10.950646855572264,4,3,2.041449504743892,1.8315142432252385,ridge,diagrid,edges,0.0005396009730703644,-44107.912009836255,True,,0.08660880583748057,0.0865929183807457,0.0,34940.510545944766,148.4444763420396,0.08010078388108524,3.0,4.434726793035763,2.5145854031640864,20.0,38.0,14.0,1.5666137090482262,True
13.043042401021538,8.217202478668252,3,5,2.682967978752191,1.0714687585241305,paraboloid,diagrid,edges,0.0007242307125230393,-53455.15813358592,True,,0.001502088485786849,0.0014699613939306681,0.0,5865.82190825969,184.10453448197885,0.133334158186606,10.0,4.8084099888766,1.6434404957336501,24.0,46.0,16.0,0.46810525809873754,False
12.68996141474081,5.108963263486184,3,5,2.5782013492171307,2.15386595602102,saddle,grid,edges,0.0010718471465589602,-57858.36639641554,True,,0.002908510820046,0.0028979747621936344,5605.200972031054,31571.355369937788,227.37882121849242,0.24371534071098094,4.0,4.363722532454221,1.0217926526972367,24.0,68.0,16.0,0.5392496009577347,False
9.169332000473991,9.065724581598765,5,5,3.417344488298467,2.5741888096569268,ridge,triangulated,edges,0.0008611996266908857,-59416.67792457876,False,unstable: Unstable or ill-conditioned system (cond=1.78e+17). Check supports/bracing. Need cond < 1e+12.,,,,,,,,,,,,,inf,False
6.099759023529706,9.77617133786227,4,5,3.019903575901413,1.1616074688637632,saddle,triangulated,edges,0.0008345079640446121,-52696.73607163118,True,,0.000258417653872805,0.0002447940718277228,5217.586944351151,2460.3576044934825,139.9444954142141,0.11678479594736628,12.0,2.795781705949553,1.5425299075400831,30.0,69.0,18.0,0.4788469007972495,False
7.194993250945206,10.769297777246194,4,3,2.498854982248726,2.072843380136102,saddle,triangulated,edges,0.0006333621482756316,-61207.96447300688,True,,0.013128955538703387,0.013125565825134534,38755.393880477306,16901.95420315105,130.97865796081877,0.08295692418432331,4.0,4.030357391796729,1.7995363873861843,20.0,43.0,14.0,0.33609829806672725,True
11.867959236502639,10.27019440286481,6,4,3.292548717123573,2.4562072638138943,ridge,triangulated,edges,0.0012612561430286934,-57202.64725433895,False,unstable: Unstable or ill-conditioned system (cond=5.23e+17). Check supports/bracing. Need cond < 1e+12.,,,,,,,,,,,,,inf,False
6.836920774438202,10.42383974526824,6,6,3.9952435895458325,1.259214952380585,flat,grid,edges,0.0012179604016184173,-79074.39621672215,False,unstable: Unstable or ill-conditioned system (cond=inf). Check supports/bracing. Need cond < 1e+12.,,,,,,,,,,,,,inf,False
13.833797069658237,7.2628680821340845,7,5,4.218927721220108,2.1037935891144532,ridge,grid,edges,0.0010696152417880714,-56760.425050077974,False,unstable: Unstable or ill-conditioned system (cond=2.68e+17). Check supports/bracing. Need cond < 1e+12.,,,,,,,,,,,,,inf,False
9.273119820998378,8.61064853520625,5,6,3.1691006415664913,1.3644040133653834,paraboloid,diagrid,edges,0.0008335176808524305,-74755.65227895121,False,unstable: Unstable or ill-conditioned system (cond=4.44e+17). Check supports/bracing. Need cond < 1e+12.,,,,,,,,,,,,,inf,False
7.302972004436439,9.107372440362063,3,4,4.387245979639519,1.7182502121964325,flat,grid,edges,0.0012288550193002839,-44758.557923285196,False,unstable: Unstable or ill-conditioned system (cond=inf). Check supports/bracing. Need cond < 1e+12.,,,,,,,,,,,,,inf,False
8.224906854971902,6.212528609872868,7,3,3.305030753416281,1.9249016230125144,paraboloid,grid,edges,0.0004496904286883691,-60740.346386948775,True,,0.00027537510041973076,0.0002690371868736262,0.0,2402.290122245951,187.2147178968514,0.0841886667478073,13.0,2.5640028747406136,1.1749866935674143,32.0,94.0,20.0,0.4377611830838666,True
13.674658781084867,8.91511520451598,6,4,2.2767301850740402,1.2648200997025423,flat,grid,edges,0.0012412839078679578,-44931.568109415224,False,unstable: Unstable or ill-conditioned system (cond=inf). Check supports/bracing. Need cond < 1e+12.,,,,,,,,,,,,,inf,False
13.213134828531508,10.907411649504525,6,6,4.382497831919954,1.2114621970310826,paraboloid,grid,edges,0.0007349131791236363,-57884.06983742154,True,,0.0001864261301134783,0.00017299231058775556,0.0,2080.8893333028427,390.5038297971267,0.28698641101616185,12.0,3.3552859290919383,1.8264180411897797,49.0,156.0,24.0,0.8801470574436059,False
6.775823109643834,10.074781746812855,6,5,3.3559110057555124,1.3339817571505797,flat,grid,edges,0.0005763432274804839,-45922.67368820806,False,unstable: Unstable or ill-conditioned system (cond=inf). Check supports/bracing. Need cond < 1e+12.,,,,,,,,,,,,,inf,False
10.673822880489745,9.4107765651178,6,4,2.928131592720693,1.6620667861998975,flat,triangulated,edges,0.0012495882864420249,-71727.45889943873,False,unstable: Unstable or ill-conditioned system (cond=inf). Check supports/bracing. Need cond < 1e+12.,,,,,,,,,,,,,inf,False
13.532310853904793,5.723932024662118,4,6,2.2509891141245233,1.2713888004874314,flat,triangulated,edges,0.0005974412795806963,-63457.2827476012,False,unstable: Unstable or ill-conditioned system (cond=inf). Check supports/bracing. Need cond < 1e+12.,,,,,,,,,,,,,inf,False
9.59887439955301,6.471553838139258,7,5,4.1283366235055095,3.374911382030317,ridge,diagrid,edges,0.0009839354337165959,-70063.74384537395,False,unstable: Unstable or ill-conditioned system (cond=1.02e+18). Check supports/bracing. Need cond < 1e+12.,,,,,,,,,,,,,inf,False
7.958372012401163,5.967524377111545,3,6,4.21997207151395,3.1750301404841,paraboloid,diagrid,edges,0.0009396687070630592,-58810.173352700076,True,,0.000749445226526843,0.0007295464200816768,0.0,5303.8851960824295,131.38868414648184,0.12346183495464129,11.0,2.9319012196989727,0.9962801622089738,28.0,54.0,18.0,0.46743131259105825,False
10.292544108616713,7.607378508186142,4,3,2.31415963217134,2.0310423510953552,flat,diagrid,edges,0.0014485260773957078,-73456.9248915956,False,unstable: Unstable or ill-conditioned system (cond=inf). Check supports/bracing. Need cond < 1e+12.,,,,,,,,,,,,,inf,False
10.435332416319469,6.246303520109235,3,4,2.075136446902947,1.1032066047968945,flat,triangulated,edges,0.0007536862906305649,-55674.83152341634,False,unstable: Unstable or ill-conditioned system (cond=inf). Check supports/bracing. Need cond < 1e+12.,,,,,,,,,,,,,inf,False
9.720113055914183,7.40270747147167,5,5,2.4680973615383537,2.2073697076688505,flat,triangulated,edges,0.001215776096004667,-61249.6281194419,False,unstable: Unstable or ill-conditioned system (cond=inf). Check supports/bracing. Need cond < 1e+12.,,,,,,,,,,,,,inf,False
7.223016977010688,10.523995149641408,6,4,2.1252667242423344,1.3125255497148416,flat,triangulated,edges,0.001084979619487029,-49966.45661020561,False,unstable: Unstable or ill-conditioned system (cond=inf). Check supports/bracing. Need cond < 1e+12.,,,,,,,,,,,,,inf,False
12.34908307089902,6.2717276664832555,4,6,3.0949740073009315,2.1409439220406288,saddle,grid,edges,0.001492705348252296,-68764.1445614338,True,,0.0007749102654268906,0.0007719928481027218,4654.328592616929,15593.096694000873,275.80136806058243,0.4116901771593312,10.0,3.318389624988562,1.0466308154781867,35.0,106.0,20.0,1.1138529989504193,False
6.496504852321242,7.749572249219083,6,3,2.380816775393939,1.7225317622198244,paraboloid,diagrid,edges,0.0014140376951704947,-67233.7402156772,True,,0.0013506640064321165,0.001337040637223788,0.0,9326.706979349674,129.94261395987658,0.1837437543482533,7.0,2.8409955312146087,1.0833682570220788,28.0,54.0,18.0,0.4775638599708593,False
11.809441027071209,7.766596580929446,4,5,3.499238391789976,2.016161472892147,ridge,triangulated,edges,0.0007769850070304515,-72910.5799500291,False,unstable: Unstable or ill-conditioned system (cond=1.02e+17). Check supports/bracing. Need cond < 1e+12.,,,,,,,,,,,,,inf,False
11.424752487038626,10.076045367847453,5,3,3.1240817210567013,2.6168963401709453,ridge,triangulated,edges,0.0014909884881473912,-58743.44753611025,True,,0.005227311317845626,0.0052208010947126775,8.285361001516691e-12,24436.063075271348,167.43298553380433,0.2496406539670511,5.0,4.076281356521071,2.284950497407724,24.0,53.0,16.0,0.6291494948937879,False
11.279965750409211,6.814881686827569,4,6,2.915838721391341,2.1995296063059597,paraboloid,diagrid,edges,0.0010180008230692994,-51208.69859913815,False,unstable: Unstable or ill-conditioned system (cond=6.69e+17). Check supports/bracing. Need cond < 1e+12.,,,,,,,,,,,,,inf,False
10.071473214010833,10.442517961457051,4,4,3.617679495358313,1.7723393661374713,ridge,diagrid,edges,0.0008840551190569077,-74967.7192675086,False,unstable: Unstable or ill-conditioned system (cond=4.10e+17). Check supports/bracing. Need cond < 1e+12.,,,,,,,,,,,,,inf,False
6.7337894324720535,9.004939538880548,3,5,3.6572742855252383,1.0452957356985682,saddle,grid,edges,0.0006175908319851167,-48873.943098239506,True,,0.00015383139571152832,0.0001458206572563935,2896.2498658194254,1854.199402245236,174.07095876899865,0.10750462825059284,13.0,3.502660640730732,1.8009879077761095,24.0,68.0,16.0,0.49080058946079363,True
12.885043211169041,6.480082263356884,7,5,2.323407008645686,1.3002096501849107,saddle,grid,edges,0.0007118728432591522,-53010.538106028886,True,,0.0008388756004259399,0.0008218703846803873,2544.7973843108775,7881.523173697983,289.1244461823949,0.2058198415595889,11.0,2.3242196281757623,1.2960164526713767,48.0,152.0,24.0,0.6637672520731721,False
13.28261528148202,6.215134447545116,7,5,3.753477753108581,3.26617348882253,ridge,diagrid,edges,0.0006806176241301188,-54980.87372344255,False,unstable: Unstable or ill-conditioned system (cond=5.03e+18). Check supports/bracing. Need cond < 1e+12.,,,,,,,,,,,,,inf,False
8.56392929342413,10.856770344150247,5,4,3.7135693019025355,1.0544039307375435,ridge,diagrid,edges,0.0013626183746547628,-55590.90222267016,False,unstable: Unstable or ill-conditioned system (cond=2.08e+17). Check supports/bracing. Need cond < 1e+12.,,,,,,,,,,,,,inf,False
9.551543091167812,10.615624996614356,7,6,2.805539184557346,1.8304282897922195,ridge,diagrid,edges,0.0010954227501263486,-66635.54932164977,False,unstable: Unstable or ill-conditioned system (cond=6.50e+17). Check supports/bracing. Need cond < 1e+12.,,,,,,,,,,,,,inf,False
7.953640006127106,10.476031011533216,7,6,4.108307214404947,3.6386834573010773,flat,triangulated,edges,0.0012411339514181996,-49496.39632149437,False,unstable: Unstable or ill-conditioned system (cond=inf). Check supports/bracing. Need cond < 1e+12.,,,,,,,,,,,,,inf,False
9.844861047538451,7.7387131670856295,6,3,3.612047985898226,1.6512142572970798,paraboloid,grid,edges,0.0010445575115056603,-63600.70447099827,True,,0.00013531259191872403,0.00013181828955276769,0.0,2388.887132109242,210.280230729913,0.21964979453007402,12.0,3.3692651233639923,1.6444223631393595,28.0,81.0,18.0,0.7200023294044594,True
7.750852870357058,9.896336100516987,4,6,2.4192487991944525,1.0088382092782218,flat,diagrid,edges,0.001277261919248828,-46433.04535062702,False,unstable: Unstable or ill-conditioned system (cond=inf). Check supports/bracing. Need cond < 1e+12.,,,,,,,,,,,,,inf,False
7.106632560928394,9.646015407098307,6,3,2.975156475391323,2.675308093465665,paraboloid,grid,edges,0.0005693599408353892,-63087.98669812826,True,,0.011159619310424902,0.01114560500848802,0.0,25187.121497957745,219.45527626483823,0.12494904311016218,3.0,3.4333938970925266,1.1845558972169257,28.0,81.0,18.0,0.36558312685861555,True
10.95734820775889,10.597404694479518,4,6,2.1741015914784865,1.1320210425296395,ridge,triangulated,edges,0.0006976953674979465,-44606.03761974558,False,unstable: Unstable or ill-conditioned system (cond=2.41e+17). Check supports/bracing. Need cond < 1e+12.,,,,,,,,,,,,,inf,False
11.307626057832694,5.671068814284063,6,6,2.4408909500201896,1.506840073944262,ridge,diagrid,edges,0.0009508427639883061,-52553.48337539398,False,unstable: Unstable or ill-conditioned system (cond=7.50e+17). Check supports/bracing. Need cond < 1e+12.,,,,,,,,,,,,,inf,False
11.221493878954043,10.952252033168328,3,6,3.2911485065891024,1.1867838126310404,ridge,triangulated,edges,0.001474330486038248,-67266.94449483919,False,unstable: Unstable or ill-conditioned system (cond=1.10e+18). Check supports/bracing. Need cond < 1e+12.,,,,,,,,,,,,,inf,False
9.68967108670059,7.548661548892736,4,3,3.6806610780586118,1.8171269764160387,paraboloid,triangulated,edges,0.0013153320828101847,-47150.76853608618,True,,0.00033844115606388754,0.0003342881865634579,527.6899751439176,5663.113941981705,121.83627356725954,0.1602551594730549,8.0,3.8120065497006372,2.4335919389535805,20.0,43.0,14.0,0.4401887619087943,False
9.333327984319041,6.929274093445397,4,5,4.003473584606807,2.27880514249094,flat,triangulated,edges,0.0005582995656864141,-44837.24881364159,False,unstable: Unstable or ill-conditioned system (cond=inf). Check supports/bracing. Need cond < 1e+12.,,,,,,,,,,,,,inf,False
6.76876186377505,5.921153132327683,4,5,2.1687962004685377,1.0502679553867742,flat,grid,edges,0.0008799483256636896,-49015.04474831081,False,unstable: Unstable or ill-conditioned system (cond=inf). Check supports/bracing. Need cond < 1e+12.,,,,,,,,,,,,,inf,False
6.278706802239325,8.913545638795132,6,6,2.4200021214446776,1.173005760026574,flat,triangulated,edges,0.0013054370709451042,-58442.329349432526,False,unstable: Unstable or ill-conditioned system (cond=inf). Check supports/bracing. Need cond < 1e+12.,,,,,,,,,,,,,inf,False
12.553599034351842,5.556536464546968,5,4,3.844493890265932,1.6333432768682101,paraboloid,triangulated,edges,0.0009545964648298953,-49989.36048207068,True,,0.00021775379567388117,0.00021669798559834124,218.00767004069277,4531.274416858969,159.9075206365521,0.1526471538993662,13.0,3.254997251745297,1.4163640563212905,30.0,69.0,18.0,0.5986755187720822,False
9.717437102858636,7.207426041330906,5,3,2.5209483535875377,1.9535317589101164,saddle,grid,edges,0.0004945805851220397,-72948.3453991148,True,,0.005916760246243789,0.00590017297606064,12775.995451797337,20387.52119868745,175.34677878634213,0.08672311245141391,6.0,3.1204450887717425,1.9434874205717274,24.0,68.0,16.0,0.2914883360458789,False
7.402772091631375,9.938645736841398,3,4,4.475971143401206,1.415527009587896,saddle,diagrid,edges,0.0008936024579213758,-64283.27293211704,True,,0.0028672244544241197,0.0026574156741298715,10563.307776295069,0.0,127.4904082414089,0.11392574216592265,10.0,4.30719489321538,2.467590697210458,20.0,38.0,14.0,0.4458519972431708,False
13.000673592432658,10.853573874970397,7,6,2.4807516975878325,1.272172414867701,paraboloid,diagrid,edges,0.0007179919398020109,-50610.9947687768,False,unstable: Unstable or ill-conditioned system (cond=5.42e+17). Check supports/bracing. Need cond < 1e+12.,,,,,,,,,,,,,inf,False
10.531365206477158,8.305452610942417,4,6,3.7763319293566946,1.0637520513158985,ridge,grid,edges,0.0010617142977016173,-60552.31697510898,False,unstable: Unstable or ill-conditioned system (cond=1.99e+17). Check supports/bracing. Need cond < 1e+12.,,,,,,,,,,,,,inf,False
8.081477242743931,7.51193652388881,4,6,4.066528711644825,2.492783679400987,flat,diagrid,edges,0.0006977664376446178,-59123.26116922987,False,unstable: Unstable or ill-conditioned system (cond=inf). Check supports/bracing. Need cond < 1e+12.,,,,,,,,,,,,,inf,False
8.517996948515048,8.384570822283337,6,5,2.165198027298487,1.001012680822569,flat,grid,edges,0.001383962647490659,-54148.36947085764,False,unstable: Unstable or ill-conditioned system (cond=inf). Check supports/bracing. Need cond < 1e+12.,,,,,,,,,,,,,inf,False
7.375682815496183,10.341583770941712,3,4,3.1902293916966515,2.750592121928016,paraboloid,grid,edges,0.0006366961020915904,-56569.146993811104,True,,0.0045792885070662466,0.004575252740744633,0.0,13435.596961884705,164.1309558225509,0.10450153980478515,4.0,3.585886239818044,2.4585609384987275,20.0,55.0,14.0,0.23893716818769611,True
7.563892076656033,9.077162055253748,3,3,2.2478924264970357,1.2117671758376916,flat,diagrid,edges,0.0005937521290903879,-74612.3190030661,False,unstable: Unstable or ill-conditioned system (cond=inf). Check supports/bracing. Need cond < 1e+12.,,,,,,,,,,,,,inf,False
12.882255089751528,6.922383221583847,4,4,2.138176023753069,1.3303376210287239,paraboloid,grid,edges,0.0010715335740759675,-71784.38809310373,True,,0.0012407280520623498,0.001234275854367462,0.0,13204.012194351028,216.91293091487756,0.23242948812651235,7.0,3.7059522361680264,1.7335393741507326,25.0,72.0,16.0,0.5908069348718029,False
13.106923624502723,10.57799972551733,6,3,2.2685073907214433,1.1201305513693318,paraboloid,diagrid,edges,0.0005341658606305852,-45904.70728278935,True,,0.0026079519239297164,0.0025851793009442105,0.0,5434.920961977722,197.92290052579602,0.1057236564978634,9.0,4.229957045191175,2.1854187040219912,28.0,54.0,18.0,0.38624708171837163,False
12.03417211950314,9.918853149428145,6,5,4.491693028797884,1.1344037988024849,flat,diagrid,edges,0.0007563303358313998,-42054.18005149436,False,unstable: Unstable or ill-conditioned system (cond=inf). Check supports/bracing. Need cond < 1e+12.,,,,,,,,,,,,,inf,False
10.614887667980742,9.837145792668352,7,3,4.446585359751097,2.4968794311635145,ridge,diagrid,edges,0.0014679732014003116,-64770.7055513142,True,,0.00019497408741899863,0.00019218138894006175,0.0,3129.084648310736,199.97868865570166,0.2935633557977466,5.0,3.8394214359358356,1.5164125239972481,32.0,62.0,20.0,0.6458504125953914,False
9.180200196439944,8.50851621682962,5,3,2.8027140660296372,1.2941485922467308,saddle,grid,edges,0.0013527590669641222,-56426.75335490095,True,,0.0003391572003725975,0.0003330219052135798,5441.746815546914,5978.578342201163,192.50722045733625,0.26041588792972264,10.0,3.5699886165215924,1.8360400392879885,24.0,68.0,16.0,0.7485219471372376,False
8.869382332223289,7.452016264200277,5,4,3.5828729553617737,3.061677898271709,saddle,triangulated,edges,0.0008306411774837298,-66829.50161608921,True,,0.005993793882173724,0.005991954547750365,17098.313626295618,22483.436661398184,140.8780400975712,0.11701910110824654,5.0,2.5978130899492995,1.773876466444658,30.0,69.0,18.0,0.3287622707761416,False
9.60837200148204,8.407605382570956,4,4,3.646883524541752,2.2652467745673643,paraboloid,grid,edges,0.0007803038863388959,-64856.28849761076,True,,0.0005067346912721601,0.0005001388131944795,0.0,4552.75125865292,195.00495657831155,0.15216312547340408,8.0,3.3558616792842697,2.108984623821616,25.0,72.0,16.0,0.423965687812288,False
6.7571181459951095,5.996375794483839,5,5,2.9727417788052,1.3594530976601895,saddle,diagrid,edges,0.0012310934967207701,-69703.10550618515,False,unstable: Unstable or ill-conditioned system (cond=5.13e+18). Check supports/bracing. Need cond < 1e+12.,,,,,,,,,,,,,inf,False
12.614319055389956,10.565029157750297,3,5,3.672369147478949,1.121194609961431,ridge,triangulated,edges,0.0008317332076914382,-43043.983978182805,False,unstable: Unstable or ill-conditioned system (cond=5.17e+16). Check supports/bracing. Need cond < 1e+12.,,,,,,,,,,,,,inf,False
10.63182019800194,5.027712793059965,6,3,3.701047014174805,2.311546681475976,flat,grid,edges,0.001217805957344624,-45914.18651723273,False,unstable: Unstable or ill-conditioned system (cond=inf). Check supports/bracing. Need cond < 1e+12.,,,,,,,,,,,,,inf,False
9.971339859514465,7.79454464214353,5,3,3.9666242812339982,1.8499276757482694,saddle,triangulated,edges,0.0008103666463138584,-57396.88357477178,True,,0.0004617580602214655,0.0004541743691036725,3571.663473603848,5337.6471883976965,140.69378579644052,0.11401355135306183,12.0,3.6532026868127088,1.994267971902893,24.0,53.0,16.0,0.47581529716666604,False
8.16273430559462,5.963529875509512,5,6,3.241476197115704,2.0286236276424,flat,triangulated,edges,0.0014599379034443691,-45774.31513190386,False,unstable: Unstable or ill-conditioned system (cond=inf). Check supports/bracing. Need cond < 1e+12.,,,,,,,,,,,,,inf,False
7.500874342120269,8.56563616580948,7,6,2.936159841122344,1.16607131176334,paraboloid,triangulated,edges,0.0009299399064983888,-57424.29278563286,True,,0.0004244472953093176,0.00041474020237907647,583.0868072278168,4838.263217496426,201.94146851528345,0.18779343034924972,17.0,2.0105342977832033,1.071553477445753,56.0,139.0,26.0,0.8282386605420349,False
13.857154370542755,8.643268582964433,7,4,2.9249609196179946,1.6817488066083888,flat,grid,edges,0.001274225614259329,-46491.32567251835,False,unstable: Unstable or ill-conditioned system (cond=inf). Check supports/bracing. Need cond < 1e+12.,,,,,,,,,,,,,inf,False
8.275177076587271,6.822779710459665,6,6,2.0599258888198886,1.4444359424333926,ridge,diagrid,edges,0.0011591394465363058,-73464.33199402182,False,unstable: Unstable or ill-conditioned system (cond=8.86e+18). Check supports/bracing. Need cond < 1e+12.,,,,,,,,,,,,,inf,False
11.34664592636123,7.260404047249258,6,5,2.1002375246819396,1.4110359099393022,saddle,diagrid,edges,0.0006357590431404853,-74415.05383283517,False,unstable: Unstable or ill-conditioned system (cond=3.40e+17). Check supports/bracing. Need cond < 1e+12.,,,,,,,,,,,,,inf,False
7.507794424098411,7.064846468380088,3,3,4.368299489324011,2.187227755314475,flat,triangulated,edges,0.0014718588354197314,-76770.58879989044,False,unstable: Unstable or ill-conditioned system (cond=inf). Check supports/bracing. Need cond < 1e+12.,,,,,,,,,,,,,inf,False
11.213355743479951,10.228454520447283,7,5,3.0725653033935316,1.7609828759944932,paraboloid,grid,edges,0.000988060826418203,-40258.2801285261,True,,0.00032416235757394486,0.00031827890103056154,0.0,2517.8090529763767,334.2202955217378,0.3302299813989442,12.0,2.701834261523141,1.6019079633542788,48.0,152.0,24.0,0.9848094991348946,False
13.669660207775472,5.242395373052979,4,5,2.754412166742327,2.3354947261142582,paraboloid,grid,edges,0.0014294615122121886,-46500.97024848893,True,,0.0013428963064626997,0.0013382734423701018,0.0,18200.05853108565,251.4971654924928,0.3595055185019777,4.0,3.586474723806161,1.0484790746105954,30.0,89.0,18.0,0.7859842138893596,False
6.940035058020812,5.358946023903795,3,6,2.3893941774364484,1.6153761260419797,flat,triangulated,edges,0.0010241929249042558,-64110.667941087035,False,unstable: Unstable or ill-conditioned system (cond=inf). Check supports/bracing. Need cond < 1e+12.,,,,,,,,,,,,,inf,False
9.560128438831939,5.378703024223226,3,6,2.776635462702707,1.2838505560151954,ridge,grid,edges,0.0014608105143806267,-76228.55786047972,False,unstable: Unstable or ill-conditioned system (cond=1.69e+17). Check supports/bracing. Need cond < 1e+12.,,,,,,,,,,,,,inf,False
12.93842432400945,9.247063366408687,5,6,4.439743850919741,3.5229012025021462,paraboloid,triangulated,edges,0.0005396287824700117,-48168.457393321194,True,,0.005824058622422851,0.005812407183025889,1192.5776897320743,12588.21187699539,237.41260208532256,0.12811467340633984,8.0,3.0613263327930986,1.5420187071163487,42.0,101.0,22.0,0.45920695569190884,False
10.365405552648383,8.260973570479164,7,6,4.429509546616778,3.1050409496238363,saddle,diagrid,edges,0.00090204424369203,-64546.34171107273,False,unstable: Unstable or ill-conditioned system (cond=3.70e+17). Check supports/bracing. Need cond < 1e+12.,,,,,,,,,,,,,inf,False
8.8927922365813,7.349041050106589,3,3,2.1935902131510954,1.7597735274726665,ridge,diagrid,edges,0.0014237529373990825,-55511.1596562419,True,,0.006804707854337631,0.006796344538466157,0.0,26419.305313609588,101.90086561451926,0.145081656742181,5.0,3.85635040170027,2.4496803500355298,16.0,30.0,12.0,0.40918209418297014,False
6.281407857475358,5.945140047904877,7,3,4.439340060974152,1.655107963241738,paraboloid,diagrid,edges,0.0014297946248042158,-40912.290803425705,True,,2.5074194124623793e-05,2.4236912054968872e-05,0.0,1256.4613558035821,129.3984312762825,0.18501318149692642,17.0,2.9010489875839607,0.897343979639337,32.0,62.0,20.0,0.814744188831906,True
7.8908834830683565,5.294705862500241,4,3,2.158321196756395,1.183902465903199,flat,diagrid,edges,0.001403693675925206,-58511.2446522264,False,unstable: Unstable or ill-conditioned system (cond=inf). Check supports/bracing. Need cond < 1e+12.,,,,,,,,,,,,,inf,False
11.007916453592646,6.211203509657246,5,6,3.544472271263958,2.89248129749369,ridge,triangulated,edges,0.0007826908533322516,-76376.83765858243,False,unstable: Unstable or ill-conditioned system (cond=2.38e+17). Check supports/bracing. Need cond < 1e+12.,,,,,,,,,,,,,inf,False
7.80743166333426,7.627049394055023,6,6,2.9457745559335384,2.2726984954241445,flat,diagrid,edges,0.0006010896474740742,-67170.63524186194,False,unstable: Unstable or ill-conditioned system (cond=inf). Check supports/bracing. Need cond < 1e+12.,,,,,,,,,,,,,inf,False
11.22553508018255,9.03712036810936,3,4,2.5716140066552864,1.9489122476121108,saddle,grid,edges,0.0014303366610516394,-72483.85683854093,True,,0.004473357476048351,0.004464078028669447,21252.185200326272,31309.638799668723,197.61250219046906,0.28265240656517543,7.0,4.400696046972425,2.2606205442018004,20.0,55.0,14.0,0.7655931442275661,False
6.8584989026601635,7.985886214192273,5,5,3.270482286945612,1.8486344709120783,paraboloid,triangulated,edges,0.0009349086739376402,-60882.13677040676,True,,0.0006222332184908495,0.0006196079191637695,765.3687012836386,6832.292198792306,144.96055778608022,0.13552488285304484,11.0,2.293600612436964,1.3716997805320323,36.0,85.0,20.0,0.4937580212218886,False
9.374128501716491,5.400954528208778,6,5,2.569919430557956,1.8371343564209413,ridge,grid,edges,0.0014795258113783018,-61239.79683949311,False,unstable: Unstable or ill-conditioned system (cond=3.45e+17). Check supports/bracing. Need cond < 1e+12.,,,,,,,,,,,,,inf,False
13.174042972725587,7.853367039397609,6,3,4.055533865234517,2.7176742302360366,ridge,triangulated,edges,0.0008709868498597607,-54482.5302301342,True,,0.0005291178398958953,0.0005227664510997032,1.7006421480829572e-12,6033.4104059249,172.61296399126283,0.15034362175170649,5.0,3.531189593845346,2.195673828787598,28.0,63.0,18.0,0.31290725653882023,True
12.849832030372859,8.786392657231325,4,4,3.6563239859155,2.5390107377666027,saddle,triangulated,edges,0.0008080035536958362,-62996.72929943475,True,,0.006506525002752918,0.006506525002752918,7199.6886914041115,15238.651673322585,171.50947957144896,0.13858026898625425,6.0,3.931542594149599,2.2010337507446187,25.0,56.0,16.0,0.42435401293311587,False
12.496983689496474,8.034573888456448,3,5,3.1492736611339804,1.3952927149790622,ridge,triangulated,edges,0.0005442706861031809,-72056.65345874768,False,unstable: Unstable or ill-conditioned system (cond=2.01e+17). Check supports/bracing. Need cond < 1e+12.,,,,,,,,,,,,,inf,False
11.01459986227367,9.483618801152419,4,6,2.681466243539729,1.1564887669999606,flat,triangulated,edges,0.0005698653968243567,-72093.32070981442,False,unstable: Unstable or ill-conditioned system (cond=inf). Check supports/bracing. Need cond < 1e+12.,,,,,,,,,,,,,inf,False
8.330635628467725,8.176348124157725,3,6,3.9013650568246674,2.7783454679166457,saddle,grid,edges,0.0007934508946785717,-60863.80295653288,True,,0.0007543931461544274,0.0007429782753035827,6190.849331931509,6743.944378291238,204.61225159393425,0.16234977408940413,11.0,3.197797222841829,1.3641521479620944,28.0,81.0,18.0,0.5594917002188634,False
7.179407627884687,6.640578212760035,4,4,2.318190495822598,1.597764689877212,saddle,triangulated,edges,0.00047692479462454736,-60755.07592947401,True,,0.008053967717791276,0.008053967717791276,10845.314932717425,12655.338101671929,108.8971433804674,0.0519357477419293,6.0,2.4713005970364113,1.6625851920888761,25.0,56.0,16.0,0.2462375814856157,True
12.25768956214236,9.487940773714682,3,6,3.1206015829265175,2.4840114752309024,paraboloid,grid,edges,0.0007968916175592668,-72945.77694328794,True,,0.004449845953766642,0.004435741552021987,0.0,16728.71888826144,282.0058354324585,0.22472808635892422,5.0,4.405282407364532,1.5817188924122414,28.0,81.0,18.0,0.5567592460053267,False
9.739876315428575,7.35236013449266,6,3,3.879451773076954,1.7819513027770588,flat,grid,edges,0.0005439793639355446,-62447.13192792205,False,unstable: Unstable or ill-conditioned system (cond=inf). Check supports/bracing. Need cond < 1e+12.,,,,,,,,,,,,,inf,False
8.423717030698416,7.215637048045812,7,3,3.907888724549751,3.3409112880742056,paraboloid,diagrid,edges,0.001107298265674916,-45313.10893573176,True,,0.0012762954873849722,0.001269954273106926,0.0,6777.849436069867,144.73447211603374,0.1602642299574586,6.0,2.717709812685675,1.2033881472426309,32.0,62.0,20.0,0.3850292855269296,False
13.990637098669268,8.681098908378992,5,6,4.271520616389105,3.2511797245302576,paraboloid,diagrid,edges,0.0004892694004662892,-79367.77778239465,False,unstable: Unstable or ill-conditioned system (cond=1.15e+18). Check supports/bracing. Need cond < 1e+12.,,,,,,,,,,,,,inf,False
9.817605066263397,7.965887201207707,5,4,3.4204183782284114,2.1476020090348427,ridge,triangulated,edges,0.0005195228135884887,-70992.89335577819,False,unstable: Unstable or ill-conditioned system (cond=1.32e+17). Check supports/bracing. Need cond < 1e+12.,,,,,,,,,,,,,inf,False
12.344039831677044,10.087021203341926,6,6,4.1822800409677106,3.4597271631077033,flat,grid,edges,0.0008418277974103141,-69276.59580717796,False,unstable: Unstable or ill-conditioned system (cond=inf). Check supports/bracing. Need cond < 1e+12.,,,,,,,,,,,,,inf,False
10.850395185541725,10.632832125242231,5,4,3.3925044547036256,1.6083784041629525,flat,grid,edges,0.0006147040828005212,-77682.1862184748,False,unstable: Unstable or ill-conditioned system (cond=inf). Check supports/bracing. Need cond < 1e+12.,,,,,,,,,,,,,inf,False
13.59434818407406,7.417277651045778,3,6,3.703323681724228,1.4477504024588361,ridge,grid,edges,0.0012931870216615995,-69411.53157521851,False,unstable: Unstable or ill-conditioned system (cond=4.89e+17). Check supports/bracing. Need cond < 1e+12.,,,,,,,,,,,,,inf,False
